{"assets/configs/config.json":["assets/configs/config.json"],"assets/country/flags/ad.png":["assets/country/flags/ad.png"],"assets/country/flags/ae.png":["assets/country/flags/ae.png"],"assets/country/flags/af.png":["assets/country/flags/af.png"],"assets/country/flags/ag.png":["assets/country/flags/ag.png"],"assets/country/flags/ai.png":["assets/country/flags/ai.png"],"assets/country/flags/al.png":["assets/country/flags/al.png"],"assets/country/flags/am.png":["assets/country/flags/am.png"],"assets/country/flags/an.png":["assets/country/flags/an.png"],"assets/country/flags/ao.png":["assets/country/flags/ao.png"],"assets/country/flags/aq.png":["assets/country/flags/aq.png"],"assets/country/flags/ar.png":["assets/country/flags/ar.png"],"assets/country/flags/as.png":["assets/country/flags/as.png"],"assets/country/flags/at.png":["assets/country/flags/at.png"],"assets/country/flags/au.png":["assets/country/flags/au.png"],"assets/country/flags/aw.png":["assets/country/flags/aw.png"],"assets/country/flags/ax.png":["assets/country/flags/ax.png"],"assets/country/flags/az.png":["assets/country/flags/az.png"],"assets/country/flags/ba.png":["assets/country/flags/ba.png"],"assets/country/flags/bb.png":["assets/country/flags/bb.png"],"assets/country/flags/bd.png":["assets/country/flags/bd.png"],"assets/country/flags/be.png":["assets/country/flags/be.png"],"assets/country/flags/bf.png":["assets/country/flags/bf.png"],"assets/country/flags/bg.png":["assets/country/flags/bg.png"],"assets/country/flags/bh.png":["assets/country/flags/bh.png"],"assets/country/flags/bi.png":["assets/country/flags/bi.png"],"assets/country/flags/bj.png":["assets/country/flags/bj.png"],"assets/country/flags/bl.png":["assets/country/flags/bl.png"],"assets/country/flags/bm.png":["assets/country/flags/bm.png"],"assets/country/flags/bn.png":["assets/country/flags/bn.png"],"assets/country/flags/bo.png":["assets/country/flags/bo.png"],"assets/country/flags/bq.png":["assets/country/flags/bq.png"],"assets/country/flags/br.png":["assets/country/flags/br.png"],"assets/country/flags/bs.png":["assets/country/flags/bs.png"],"assets/country/flags/bt.png":["assets/country/flags/bt.png"],"assets/country/flags/bv.png":["assets/country/flags/bv.png"],"assets/country/flags/bw.png":["assets/country/flags/bw.png"],"assets/country/flags/by.png":["assets/country/flags/by.png"],"assets/country/flags/bz.png":["assets/country/flags/bz.png"],"assets/country/flags/ca.png":["assets/country/flags/ca.png"],"assets/country/flags/cc.png":["assets/country/flags/cc.png"],"assets/country/flags/cd.png":["assets/country/flags/cd.png"],"assets/country/flags/cf.png":["assets/country/flags/cf.png"],"assets/country/flags/cg.png":["assets/country/flags/cg.png"],"assets/country/flags/ch.png":["assets/country/flags/ch.png"],"assets/country/flags/ci.png":["assets/country/flags/ci.png"],"assets/country/flags/ck.png":["assets/country/flags/ck.png"],"assets/country/flags/cl.png":["assets/country/flags/cl.png"],"assets/country/flags/cm.png":["assets/country/flags/cm.png"],"assets/country/flags/cn.png":["assets/country/flags/cn.png"],"assets/country/flags/co.png":["assets/country/flags/co.png"],"assets/country/flags/cr.png":["assets/country/flags/cr.png"],"assets/country/flags/cu.png":["assets/country/flags/cu.png"],"assets/country/flags/cv.png":["assets/country/flags/cv.png"],"assets/country/flags/cw.png":["assets/country/flags/cw.png"],"assets/country/flags/cx.png":["assets/country/flags/cx.png"],"assets/country/flags/cy.png":["assets/country/flags/cy.png"],"assets/country/flags/cz.png":["assets/country/flags/cz.png"],"assets/country/flags/de.png":["assets/country/flags/de.png"],"assets/country/flags/dj.png":["assets/country/flags/dj.png"],"assets/country/flags/dk.png":["assets/country/flags/dk.png"],"assets/country/flags/dm.png":["assets/country/flags/dm.png"],"assets/country/flags/do.png":["assets/country/flags/do.png"],"assets/country/flags/dz.png":["assets/country/flags/dz.png"],"assets/country/flags/ec.png":["assets/country/flags/ec.png"],"assets/country/flags/ee.png":["assets/country/flags/ee.png"],"assets/country/flags/eg.png":["assets/country/flags/eg.png"],"assets/country/flags/eh.png":["assets/country/flags/eh.png"],"assets/country/flags/en.png":["assets/country/flags/en.png"],"assets/country/flags/er.png":["assets/country/flags/er.png"],"assets/country/flags/es.png":["assets/country/flags/es.png"],"assets/country/flags/et.png":["assets/country/flags/et.png"],"assets/country/flags/eu.png":["assets/country/flags/eu.png"],"assets/country/flags/fi.png":["assets/country/flags/fi.png"],"assets/country/flags/fj.png":["assets/country/flags/fj.png"],"assets/country/flags/fk.png":["assets/country/flags/fk.png"],"assets/country/flags/fm.png":["assets/country/flags/fm.png"],"assets/country/flags/fo.png":["assets/country/flags/fo.png"],"assets/country/flags/fr.png":["assets/country/flags/fr.png"],"assets/country/flags/ga.png":["assets/country/flags/ga.png"],"assets/country/flags/gb.png":["assets/country/flags/gb.png"],"assets/country/flags/gd.png":["assets/country/flags/gd.png"],"assets/country/flags/ge.png":["assets/country/flags/ge.png"],"assets/country/flags/gf.png":["assets/country/flags/gf.png"],"assets/country/flags/gg.png":["assets/country/flags/gg.png"],"assets/country/flags/gh.png":["assets/country/flags/gh.png"],"assets/country/flags/gi.png":["assets/country/flags/gi.png"],"assets/country/flags/gl.png":["assets/country/flags/gl.png"],"assets/country/flags/gm.png":["assets/country/flags/gm.png"],"assets/country/flags/gn.png":["assets/country/flags/gn.png"],"assets/country/flags/gp.png":["assets/country/flags/gp.png"],"assets/country/flags/gq.png":["assets/country/flags/gq.png"],"assets/country/flags/gr.png":["assets/country/flags/gr.png"],"assets/country/flags/gs.png":["assets/country/flags/gs.png"],"assets/country/flags/gt.png":["assets/country/flags/gt.png"],"assets/country/flags/gu.png":["assets/country/flags/gu.png"],"assets/country/flags/gw.png":["assets/country/flags/gw.png"],"assets/country/flags/gy.png":["assets/country/flags/gy.png"],"assets/country/flags/hk.png":["assets/country/flags/hk.png"],"assets/country/flags/hm.png":["assets/country/flags/hm.png"],"assets/country/flags/hn.png":["assets/country/flags/hn.png"],"assets/country/flags/hr.png":["assets/country/flags/hr.png"],"assets/country/flags/ht.png":["assets/country/flags/ht.png"],"assets/country/flags/hu.png":["assets/country/flags/hu.png"],"assets/country/flags/id.png":["assets/country/flags/id.png"],"assets/country/flags/ie.png":["assets/country/flags/ie.png"],"assets/country/flags/il.png":["assets/country/flags/il.png"],"assets/country/flags/im.png":["assets/country/flags/im.png"],"assets/country/flags/in.png":["assets/country/flags/in.png"],"assets/country/flags/io.png":["assets/country/flags/io.png"],"assets/country/flags/iq.png":["assets/country/flags/iq.png"],"assets/country/flags/ir.png":["assets/country/flags/ir.png"],"assets/country/flags/is.png":["assets/country/flags/is.png"],"assets/country/flags/it.png":["assets/country/flags/it.png"],"assets/country/flags/je.png":["assets/country/flags/je.png"],"assets/country/flags/jm.png":["assets/country/flags/jm.png"],"assets/country/flags/jo.png":["assets/country/flags/jo.png"],"assets/country/flags/jp.png":["assets/country/flags/jp.png"],"assets/country/flags/ke.png":["assets/country/flags/ke.png"],"assets/country/flags/kg.png":["assets/country/flags/kg.png"],"assets/country/flags/kh.png":["assets/country/flags/kh.png"],"assets/country/flags/ki.png":["assets/country/flags/ki.png"],"assets/country/flags/km.png":["assets/country/flags/km.png"],"assets/country/flags/kn.png":["assets/country/flags/kn.png"],"assets/country/flags/kp.png":["assets/country/flags/kp.png"],"assets/country/flags/kr.png":["assets/country/flags/kr.png"],"assets/country/flags/kw.png":["assets/country/flags/kw.png"],"assets/country/flags/ky.png":["assets/country/flags/ky.png"],"assets/country/flags/kz.png":["assets/country/flags/kz.png"],"assets/country/flags/la.png":["assets/country/flags/la.png"],"assets/country/flags/lb.png":["assets/country/flags/lb.png"],"assets/country/flags/lc.png":["assets/country/flags/lc.png"],"assets/country/flags/li.png":["assets/country/flags/li.png"],"assets/country/flags/lk.png":["assets/country/flags/lk.png"],"assets/country/flags/lr.png":["assets/country/flags/lr.png"],"assets/country/flags/ls.png":["assets/country/flags/ls.png"],"assets/country/flags/lt.png":["assets/country/flags/lt.png"],"assets/country/flags/lu.png":["assets/country/flags/lu.png"],"assets/country/flags/lv.png":["assets/country/flags/lv.png"],"assets/country/flags/ly.png":["assets/country/flags/ly.png"],"assets/country/flags/ma.png":["assets/country/flags/ma.png"],"assets/country/flags/mc.png":["assets/country/flags/mc.png"],"assets/country/flags/md.png":["assets/country/flags/md.png"],"assets/country/flags/me.png":["assets/country/flags/me.png"],"assets/country/flags/mf.png":["assets/country/flags/mf.png"],"assets/country/flags/mg.png":["assets/country/flags/mg.png"],"assets/country/flags/mh.png":["assets/country/flags/mh.png"],"assets/country/flags/mk.png":["assets/country/flags/mk.png"],"assets/country/flags/ml.png":["assets/country/flags/ml.png"],"assets/country/flags/mm.png":["assets/country/flags/mm.png"],"assets/country/flags/mn.png":["assets/country/flags/mn.png"],"assets/country/flags/mo.png":["assets/country/flags/mo.png"],"assets/country/flags/mp.png":["assets/country/flags/mp.png"],"assets/country/flags/mq.png":["assets/country/flags/mq.png"],"assets/country/flags/mr.png":["assets/country/flags/mr.png"],"assets/country/flags/ms.png":["assets/country/flags/ms.png"],"assets/country/flags/mt.png":["assets/country/flags/mt.png"],"assets/country/flags/mu.png":["assets/country/flags/mu.png"],"assets/country/flags/mv.png":["assets/country/flags/mv.png"],"assets/country/flags/mw.png":["assets/country/flags/mw.png"],"assets/country/flags/mx.png":["assets/country/flags/mx.png"],"assets/country/flags/my.png":["assets/country/flags/my.png"],"assets/country/flags/mz.png":["assets/country/flags/mz.png"],"assets/country/flags/na.png":["assets/country/flags/na.png"],"assets/country/flags/nc.png":["assets/country/flags/nc.png"],"assets/country/flags/ne.png":["assets/country/flags/ne.png"],"assets/country/flags/nf.png":["assets/country/flags/nf.png"],"assets/country/flags/ng.png":["assets/country/flags/ng.png"],"assets/country/flags/ni.png":["assets/country/flags/ni.png"],"assets/country/flags/nl.png":["assets/country/flags/nl.png"],"assets/country/flags/no.png":["assets/country/flags/no.png"],"assets/country/flags/np.png":["assets/country/flags/np.png"],"assets/country/flags/nr.png":["assets/country/flags/nr.png"],"assets/country/flags/nu.png":["assets/country/flags/nu.png"],"assets/country/flags/nz.png":["assets/country/flags/nz.png"],"assets/country/flags/om.png":["assets/country/flags/om.png"],"assets/country/flags/pa.png":["assets/country/flags/pa.png"],"assets/country/flags/pe.png":["assets/country/flags/pe.png"],"assets/country/flags/pf.png":["assets/country/flags/pf.png"],"assets/country/flags/pg.png":["assets/country/flags/pg.png"],"assets/country/flags/ph.png":["assets/country/flags/ph.png"],"assets/country/flags/pk.png":["assets/country/flags/pk.png"],"assets/country/flags/pl.png":["assets/country/flags/pl.png"],"assets/country/flags/pm.png":["assets/country/flags/pm.png"],"assets/country/flags/pn.png":["assets/country/flags/pn.png"],"assets/country/flags/pr.png":["assets/country/flags/pr.png"],"assets/country/flags/ps.png":["assets/country/flags/ps.png"],"assets/country/flags/pt.png":["assets/country/flags/pt.png"],"assets/country/flags/pw.png":["assets/country/flags/pw.png"],"assets/country/flags/py.png":["assets/country/flags/py.png"],"assets/country/flags/qa.png":["assets/country/flags/qa.png"],"assets/country/flags/re.png":["assets/country/flags/re.png"],"assets/country/flags/ro.png":["assets/country/flags/ro.png"],"assets/country/flags/rs.png":["assets/country/flags/rs.png"],"assets/country/flags/ru.png":["assets/country/flags/ru.png"],"assets/country/flags/rw.png":["assets/country/flags/rw.png"],"assets/country/flags/sa.png":["assets/country/flags/sa.png"],"assets/country/flags/sb.png":["assets/country/flags/sb.png"],"assets/country/flags/sc.png":["assets/country/flags/sc.png"],"assets/country/flags/sd.png":["assets/country/flags/sd.png"],"assets/country/flags/se.png":["assets/country/flags/se.png"],"assets/country/flags/sg.png":["assets/country/flags/sg.png"],"assets/country/flags/sh.png":["assets/country/flags/sh.png"],"assets/country/flags/si.png":["assets/country/flags/si.png"],"assets/country/flags/sj.png":["assets/country/flags/sj.png"],"assets/country/flags/sk.png":["assets/country/flags/sk.png"],"assets/country/flags/sl.png":["assets/country/flags/sl.png"],"assets/country/flags/sm.png":["assets/country/flags/sm.png"],"assets/country/flags/sn.png":["assets/country/flags/sn.png"],"assets/country/flags/so.png":["assets/country/flags/so.png"],"assets/country/flags/sr.png":["assets/country/flags/sr.png"],"assets/country/flags/ss.png":["assets/country/flags/ss.png"],"assets/country/flags/st.png":["assets/country/flags/st.png"],"assets/country/flags/sv.png":["assets/country/flags/sv.png"],"assets/country/flags/sx.png":["assets/country/flags/sx.png"],"assets/country/flags/sy.png":["assets/country/flags/sy.png"],"assets/country/flags/sz.png":["assets/country/flags/sz.png"],"assets/country/flags/tc.png":["assets/country/flags/tc.png"],"assets/country/flags/td.png":["assets/country/flags/td.png"],"assets/country/flags/tf.png":["assets/country/flags/tf.png"],"assets/country/flags/tg.png":["assets/country/flags/tg.png"],"assets/country/flags/th.png":["assets/country/flags/th.png"],"assets/country/flags/tj.png":["assets/country/flags/tj.png"],"assets/country/flags/tk.png":["assets/country/flags/tk.png"],"assets/country/flags/tl.png":["assets/country/flags/tl.png"],"assets/country/flags/tm.png":["assets/country/flags/tm.png"],"assets/country/flags/tn.png":["assets/country/flags/tn.png"],"assets/country/flags/to.png":["assets/country/flags/to.png"],"assets/country/flags/tr.png":["assets/country/flags/tr.png"],"assets/country/flags/tt.png":["assets/country/flags/tt.png"],"assets/country/flags/tv.png":["assets/country/flags/tv.png"],"assets/country/flags/tw.png":["assets/country/flags/tw.png"],"assets/country/flags/tz.png":["assets/country/flags/tz.png"],"assets/country/flags/ua.png":["assets/country/flags/ua.png"],"assets/country/flags/ug.png":["assets/country/flags/ug.png"],"assets/country/flags/um.png":["assets/country/flags/um.png"],"assets/country/flags/unknown.png":["assets/country/flags/unknown.png"],"assets/country/flags/us.png":["assets/country/flags/us.png"],"assets/country/flags/uy.png":["assets/country/flags/uy.png"],"assets/country/flags/uz.png":["assets/country/flags/uz.png"],"assets/country/flags/va.png":["assets/country/flags/va.png"],"assets/country/flags/vc.png":["assets/country/flags/vc.png"],"assets/country/flags/ve.png":["assets/country/flags/ve.png"],"assets/country/flags/vg.png":["assets/country/flags/vg.png"],"assets/country/flags/vi.png":["assets/country/flags/vi.png"],"assets/country/flags/vn.png":["assets/country/flags/vn.png"],"assets/country/flags/vu.png":["assets/country/flags/vu.png"],"assets/country/flags/wf.png":["assets/country/flags/wf.png"],"assets/country/flags/ws.png":["assets/country/flags/ws.png"],"assets/country/flags/xe.png":["assets/country/flags/xe.png"],"assets/country/flags/xk.png":["assets/country/flags/xk.png"],"assets/country/flags/xn.png":["assets/country/flags/xn.png"],"assets/country/flags/xs.png":["assets/country/flags/xs.png"],"assets/country/flags/xw.png":["assets/country/flags/xw.png"],"assets/country/flags/ye.png":["assets/country/flags/ye.png"],"assets/country/flags/yt.png":["assets/country/flags/yt.png"],"assets/country/flags/za.png":["assets/country/flags/za.png"],"assets/country/flags/zm.png":["assets/country/flags/zm.png"],"assets/country/flags/zw.png":["assets/country/flags/zw.png"],"assets/country/strings/ar.json":["assets/country/strings/ar.json"],"assets/country/strings/de.json":["assets/country/strings/de.json"],"assets/country/strings/en.json":["assets/country/strings/en.json"],"assets/country/strings/es.json":["assets/country/strings/es.json"],"assets/country/strings/fr.json":["assets/country/strings/fr.json"],"assets/country/strings/vi.json":["assets/country/strings/vi.json"],"assets/fonts/ProximaNova-Bold.otf":["assets/fonts/ProximaNova-Bold.otf"],"assets/fonts/ProximaNova-Light.otf":["assets/fonts/ProximaNova-Light.otf"],"assets/fonts/ProximaNova-Regular.otf":["assets/fonts/ProximaNova-Regular.otf"],"assets/fonts/ProximaNova-Semibold.otf":["assets/fonts/ProximaNova-Semibold.otf"],"assets/images/base/Ticket.ttf":["assets/images/base/Ticket.ttf"],"assets/images/base/arrow-down.png":["assets/images/base/arrow-down.png"],"assets/images/base/arrow-horizontal.png":["assets/images/base/arrow-horizontal.png"],"assets/images/base/clock.svg":["assets/images/base/clock.svg"],"assets/images/base/day.svg":["assets/images/base/day.svg"],"assets/images/base/fake_barcode.png":["assets/images/base/fake_barcode.png"],"assets/images/base/ic_wristband.png":["assets/images/base/ic_wristband.png"],"assets/images/base/infinity_transparent.gif":["assets/images/base/infinity_transparent.gif"],"assets/images/base/info_outline.svg":["assets/images/base/info_outline.svg"],"assets/images/base/place.svg":["assets/images/base/place.svg"],"assets/images/base/tixngo_barcode_logo.png":["assets/images/base/tixngo_barcode_logo.png"],"assets/images/core/warning_icon.png":["assets/images/core/warning_icon.png"],"assets/images/profile_picture.png":["assets/images/profile_picture.png"],"assets/images/ssk/alert.png":["assets/images/ssk/alert.png"],"assets/images/sso/full-logo.png":["assets/images/sso/full-logo.png"],"assets/images/sso/logo.png":["assets/images/sso/logo.png"],"assets/languages/base/en.json":["assets/languages/base/en.json"],"assets/languages/base/vi.json":["assets/languages/base/vi.json"],"assets/languages/core/en.json":["assets/languages/core/en.json"],"assets/languages/core/vi.json":["assets/languages/core/vi.json"],"assets/languages/en.json":["assets/languages/en.json","assets/languages/core/en.json","assets/languages/sso/en.json","assets/languages/base/en.json"],"assets/languages/sso/en.json":["assets/languages/sso/en.json"],"assets/languages/sso/vi.json":["assets/languages/sso/vi.json"],"assets/languages/vi.json":["assets/languages/vi.json","assets/languages/core/vi.json","assets/languages/sso/vi.json","assets/languages/base/vi.json"],"assets/themes/theme.json":["assets/themes/theme.json"],"packages/cupertino_icons/assets/CupertinoIcons.ttf":["packages/cupertino_icons/assets/CupertinoIcons.ttf"],"packages/flutter_math_fork/lib/katex_fonts/fonts/KaTeX_AMS-Regular.ttf":["packages/flutter_math_fork/lib/katex_fonts/fonts/KaTeX_AMS-Regular.ttf"],"packages/flutter_math_fork/lib/katex_fonts/fonts/KaTeX_Caligraphic-Bold.ttf":["packages/flutter_math_fork/lib/katex_fonts/fonts/KaTeX_Caligraphic-Bold.ttf"],"packages/flutter_math_fork/lib/katex_fonts/fonts/KaTeX_Caligraphic-Regular.ttf":["packages/flutter_math_fork/lib/katex_fonts/fonts/KaTeX_Caligraphic-Regular.ttf"],"packages/flutter_math_fork/lib/katex_fonts/fonts/KaTeX_Fraktur-Bold.ttf":["packages/flutter_math_fork/lib/katex_fonts/fonts/KaTeX_Fraktur-Bold.ttf"],"packages/flutter_math_fork/lib/katex_fonts/fonts/KaTeX_Fraktur-Regular.ttf":["packages/flutter_math_fork/lib/katex_fonts/fonts/KaTeX_Fraktur-Regular.ttf"],"packages/flutter_math_fork/lib/katex_fonts/fonts/KaTeX_Main-Bold.ttf":["packages/flutter_math_fork/lib/katex_fonts/fonts/KaTeX_Main-Bold.ttf"],"packages/flutter_math_fork/lib/katex_fonts/fonts/KaTeX_Main-BoldItalic.ttf":["packages/flutter_math_fork/lib/katex_fonts/fonts/KaTeX_Main-BoldItalic.ttf"],"packages/flutter_math_fork/lib/katex_fonts/fonts/KaTeX_Main-Italic.ttf":["packages/flutter_math_fork/lib/katex_fonts/fonts/KaTeX_Main-Italic.ttf"],"packages/flutter_math_fork/lib/katex_fonts/fonts/KaTeX_Main-Regular.ttf":["packages/flutter_math_fork/lib/katex_fonts/fonts/KaTeX_Main-Regular.ttf"],"packages/flutter_math_fork/lib/katex_fonts/fonts/KaTeX_Math-BoldItalic.ttf":["packages/flutter_math_fork/lib/katex_fonts/fonts/KaTeX_Math-BoldItalic.ttf"],"packages/flutter_math_fork/lib/katex_fonts/fonts/KaTeX_Math-Italic.ttf":["packages/flutter_math_fork/lib/katex_fonts/fonts/KaTeX_Math-Italic.ttf"],"packages/flutter_math_fork/lib/katex_fonts/fonts/KaTeX_SansSerif-Bold.ttf":["packages/flutter_math_fork/lib/katex_fonts/fonts/KaTeX_SansSerif-Bold.ttf"],"packages/flutter_math_fork/lib/katex_fonts/fonts/KaTeX_SansSerif-Italic.ttf":["packages/flutter_math_fork/lib/katex_fonts/fonts/KaTeX_SansSerif-Italic.ttf"],"packages/flutter_math_fork/lib/katex_fonts/fonts/KaTeX_SansSerif-Regular.ttf":["packages/flutter_math_fork/lib/katex_fonts/fonts/KaTeX_SansSerif-Regular.ttf"],"packages/flutter_math_fork/lib/katex_fonts/fonts/KaTeX_Script-Regular.ttf":["packages/flutter_math_fork/lib/katex_fonts/fonts/KaTeX_Script-Regular.ttf"],"packages/flutter_math_fork/lib/katex_fonts/fonts/KaTeX_Size1-Regular.ttf":["packages/flutter_math_fork/lib/katex_fonts/fonts/KaTeX_Size1-Regular.ttf"],"packages/flutter_math_fork/lib/katex_fonts/fonts/KaTeX_Size2-Regular.ttf":["packages/flutter_math_fork/lib/katex_fonts/fonts/KaTeX_Size2-Regular.ttf"],"packages/flutter_math_fork/lib/katex_fonts/fonts/KaTeX_Size3-Regular.ttf":["packages/flutter_math_fork/lib/katex_fonts/fonts/KaTeX_Size3-Regular.ttf"],"packages/flutter_math_fork/lib/katex_fonts/fonts/KaTeX_Size4-Regular.ttf":["packages/flutter_math_fork/lib/katex_fonts/fonts/KaTeX_Size4-Regular.ttf"],"packages/flutter_math_fork/lib/katex_fonts/fonts/KaTeX_Typewriter-Regular.ttf":["packages/flutter_math_fork/lib/katex_fonts/fonts/KaTeX_Typewriter-Regular.ttf"],"packages/wakelock_web/assets/no_sleep.js":["packages/wakelock_web/assets/no_sleep.js"]}